{
  "uncore": {
    "power_j": {
      "min": 0.0,
      "max": 0.003906000000000631,
      "avg": 3.0281488549609274e-6,
      "total": 0.01062000000000296
    },
    "watts": {
      "min": 5.055354611268786e-6,
      "max": 0.0042684605306466585,
      "avg": 0.000026172196688675817,
      "total": 0.0
    },
    "watts_since_last": {
      "min": 0.0,
      "max": 0.004268460854705051,
      "avg": 5.057659140775345e-6,
      "total": 0.0
    },
    "watt_h": {
      "min": 0.0,
      "max": 1.0850000000001751e-6,
      "avg": 8.411524597113687e-10,
      "total": 2.950000000000822e-6
    },
    "kwatt_h": {
      "min": 0.0,
      "max": 1.0850000000001752e-9,
      "avg": 8.411524597113687e-13,
      "total": 2.950000000000822e-9
    }
  },
  "core": {
    "power_j": {
      "min": 0.021485000000211585,
      "max": 1.6221269999996366,
      "avg": 0.07425664885496183,
      "total": 155.81631300000026
    },
    "watts": {
      "min": 0.07398647243495524,
      "max": 0.27851329903712124,
      "avg": 0.08423801464805339,
      "total": 0.0
    },
    "watts_since_last": {
      "min": 0.021435938902331714,
      "max": 1.617840137801538,
      "avg": 0.07414818871462459,
      "total": 0.0
    },
    "watt_h": {
      "min": 5.968055555617691e-6,
      "max": 0.00045059083333323234,
      "avg": 0.000020626846904156063,
      "total": 0.04328230916666674
    },
    "kwatt_h": {
      "min": 5.968055555615793e-9,
      "max": 4.5059083333323236e-7,
      "avg": 2.0626846904156062e-8,
      "total": 0.00004328230916666674
    }
  },
  "package-0": {
    "power_j": {
      "min": 1.4401819999911822,
      "max": 3.130302000005031,
      "avg": 1.5812111187977085,
      "total": 3315.913507999998
    },
    "watts": {
      "min": 1.5775089589055369,
      "max": 1.7932736836482048,
      "avg": 1.5923027336514626,
      "total": 0.0
    },
    "watts_since_last": {
      "min": 1.4373470958790795,
      "max": 3.122029421278176,
      "avg": 1.5777067071281596,
      "total": 0.0
    },
    "watt_h": {
      "min": 0.00040005055555308866,
      "max": 0.0008695283333347327,
      "avg": 0.00043922531077714123,
      "total": 0.921087085555555
    },
    "kwatt_h": {
      "min": 4.000505555530804e-7,
      "max": 8.695283333347314e-7,
      "avg": 4.3922531077714127e-7,
      "total": 0.000921087085555555
    }
  }
}